id,user_id,tipo,titulo,clase,imagen,informacion,numero_pagina,autor,leida,created_at,updated_at
,1,mora,"Esta es la fruta que estimula el deseo sexual, protege el corazón, combate el colesterol y el envejecimiento","Mora beneficios",http://localhost:8000/storage/noticias/1751913840_686c157085aed.png,"Este alimento estimula el flujo sanguíneo y la sensibilidad íntima, ofreciendo una alternativa natural y gradual para quienes buscan mejorar su energía sexual sin recurrir a fármacos. En tiempos donde la alimentación funcional gana protagonismo, algunos frutos silvestres han dejado de ser simples acompañamientos para convertirse en potentes aliados de la salud integral.  Entre ellos, la mora destaca por su capacidad para revitalizar el organismo desde adentro. Esta fruta de temporada, popular en jugos, postres o directamente al natural, guarda un perfil nutricional que sorprende: no solo mejora la circulación, sino que también impulsa el deseo sexual, retrasa los signos del envejecimiento celular y favorece la salud cardiovascular.  Su combinación de vitaminas, minerales y antioxidantes la posiciona como una de las joyas más potentes del reino vegetal.  La mora contiene componentes activos que estimulan el flujo sanguíneo, un factor clave en la respuesta sexual tanto masculina como femenina. Esta fruta promueve la liberación de óxido nítrico, un vasodilatador natural que facilita la irrigación en las zonas íntimas y potencia la sensibilidad. A diferencia de soluciones farmacológicas, su efecto es gradual y sostenido, lo que convierte a la mora en una opción confiable y sin efectos adversos.  Los expertos en nutrición la recomiendan como parte de una dieta que busque revitalizar la energía sexual de manera natural. Combinada con otros alimentos ricos en zinc, como las nueces o las semillas, puede potenciar aún más su acción. Además, su consumo regular ayuda a reducir los niveles de estrés oxidativo, uno de los factores que más interfieren con la libido en personas adultas.  Los signos del paso del tiempo no solo se reflejan en la piel, sino también en la salud de órganos y tejidos. En ese frente, la mora actúa como una barrera antioxidante gracias a su abundancia en antocianinas, flavonoides y vitamina C. Estas sustancias ayudan a proteger las células del daño provocado por los radicales libres, responsables del envejecimiento prematuro.  Además, su aporte de vitamina A y E favorece la regeneración celular y la elasticidad cutánea. Las moras también mejoran la producción natural de colágeno, proteína clave para la firmeza de la piel. El consumo frecuente de esta fruta puede reflejarse en una piel más luminosa, una menor aparición de arrugas y una mayor vitalidad general, especialmente si se integra como parte de una dieta variada rica en frutas y vegetales frescos.  Más allá de su efecto en la piel o la sexualidad, las moras también tienen beneficios cardiovasculares y neurológicos. Contienen altos niveles de fibra soluble, lo que ayuda a reducir el colesterol malo (LDL) y mejora la circulación arterial. Asimismo, sus polifenoles actúan como protectores del sistema vascular, ayudando a mantener una presión arterial equilibrada.  En el plano cognitivo, los antioxidantes de la mora tienen un efecto neuroprotector. Estudios indican que su consumo puede mejorar la memoria a corto plazo y reducir la inflamación cerebral.  Esto convierte a la mora en un alimento valioso para personas de edad avanzada o para quienes desean mantener su agudeza mental en óptimas condiciones. Su bajo índice glucémico también la hace ideal para personas con resistencia a la insulina o diabetes tipo 2.  Las moras pueden consumirse frescas, deshidratadas o en forma de jugo natural. Una de las formas más recomendadas es incluirlas en el desayuno, acompañando yogures naturales o avena. También se pueden utilizar en batidos verdes junto con espinaca, plátano y semillas de chía, potenciando su efecto antioxidante y energético.  En la repostería saludable, las moras se integran bien en recetas sin azúcar, como muffins integrales o barras de cereal caseras. Para quienes buscan una merienda rápida y nutritiva, un puñado de moras con almendras o nueces puede aportar saciedad y energía sostenida.  Es importante priorizar las versiones naturales y evitar los productos industrializados que contengan azúcares añadidos. Las moras congeladas también conservan gran parte de sus propiedades y resultan una opción accesible durante todo el año.",1,"Cultiva Sena",,"2025-07-07 13:44:00","2025-07-07 13:44:00"
,1,mora,"Mora, sus propiedades mas importantes.","Propiedades nutritivas de la mora",http://localhost:8000/storage/noticias/1751913886_686c159e3b9d2.png,"Propiedades nutritivas Estas frutas son de bajo valor calórico por su escaso aporte de hidratos de carbono. Son especialmente ricas en vitamina C las grosellas negras y las rojas, que tienen cantidades mayores que algunos cítricos, y vitamina E En general, las bayas silvestres son buena fuente de fibra. Lo que contribuye a mejorar el tránsito intestinal, y de potasio. En menor proporción, magnesio, hierro y calcio (estos dos últimos de peor aprovechamiento que los procedentes de alimentos de origen animal), taninos de acción astringente y de diversos ácidos orgánicos. Sin embargo, lo que en realidad caracteriza a estas frutas es su abundancia de pigmentos naturales (antocianos y carotenoides) de acción antioxidante.",2,"Cultiva Sena",,"2025-07-07 13:44:46","2025-07-07 13:44:46"
,1,mora,"¿Cuales son los compuestos que se derivan de la mora?",Científico,http://localhost:8000/storage/noticias/1751913923_686c15c3a0a4c.png,"La mora es abundante en compuestos fenólicos, principalmente antocianina, un poderoso antioxidante, responsable del color oscuro de esta fruta, y ácido elágico, que ayuda a prevenir la inflamación y el deterioro celular.  Ambos compuestos antioxidantes trabajan en conjunto, reduciendo la proliferación de radicales libres que aceleran el estrés oxidativo en las células, previniendo mutaciones y enfermedades degenerativas. Este mecanismo de acción no solo mejora la respuesta inmune contra las enfermedades, sino que también ha mostrado efectos neuroprotectores.  Además, la presencia de taninos es responsable de las propiedades astringentes de las moras, que ayudan en el tratamiento de la diarrea y normalizan las funciones digestivas. El acai y el arándano rojo también poseen propiedades antioxidantes, mientras que el tomate y la piña proporcionan similares beneficios antiinflamatorios.",3,"Cultiva Sena",,"2025-07-07 13:45:23","2025-07-07 13:45:23"
,1,mora,"Vino de mora, ¿es bueno para la salud?",Informativo,http://localhost:8000/storage/noticias/1751914005_686c1615039f8.png,"Según un estudio de la universidad de Illinois, el vino de mora contiene Bioactivos útiles para combatir la diabetes y regular el azúcar en la sangre, esto es porque sus componentes inhiben las enzimas alfa-amilasa y alfa-glucosidasa, esto permite regular efectivamente la actividad pancreática con respecto a la producción de insulina y por tanto, en la regulación de azúcar. En este estudio se probaron múltiples vinos de distintas frutas y el vino de arándano y de mora resultaron los mas eficientes para este fin. Este vino se desarrolla eliminando el alcohol natural que se da en la fermentación de la fruta y resultando en una bebida muy sabrosa para la persona con diabetes, cuyos componentes Bioactivos combaten las enzimas responsables de ciertas inflamaciones y de la producción deficiente de insulina que se traduce en descontrol del azúcar en la sangre.",4,"Cultiva Sena",,"2025-07-07 13:46:45","2025-07-07 13:46:45"
,1,mora,"Alteraciones gastrointestinales:",Científico,http://localhost:8000/storage/noticias/1751914039_686c1637ead1b.png,"Las moras y sus derivados pueden provocar indigestión, náuseas, diarrea e hinchazón. En un estudio, los pacientes que tomaron comprimidos de hojas de morera para tratar la dislipidemia experimentaron diarrea leve, mareos o estreñimiento e hinchazón. Además, el látex, que es esa savia blanca lechosa de las moras es tóxico, especialmente para los insectos y las orugas. Esta sustancia puede causar una leve irritación de la piel en los seres humanos. Y como es obvio, no se recomienda ingerirlo porque puede causar dolor de estómago, hinchazón y diarrea.",5,"Cultiva Sena",1,"2025-07-07 13:47:19","2025-07-11 11:01:31"
,1,mora,"Moras: 10 beneficios y cómo consumir (con recetas)","Mora beneficios",http://localhost:8000/storage/noticias/1751914066_686c16529ebd6.png,"10 beneficios de la mora Algunos beneficios de la salud de las moras son:      1. Facilitar la pérdida de peso: La mora es una fruta de bajo índice glucémico debido a sus excelentes cantidades de fibra, lo que ayuda a prolongar la sensación de saciedad y a reducir el apetito entre comidas, lo que facilita la pérdida de peso.      2. Prevenir enfermedades cardiovasculares: Tanto la fruta como la hoja de la mora son ricas en ácidos fenólicos, carotenoides, flavonoides y antocianinas, compuestos bioactivos con propiedades antiinflamatorias que contribuyen a mantener la salud de las arterias, previniendo enfermedades como el infarto y la hipertensión. La mora también posee antioxidantes que protegen contra la oxidación de las células grasas, equilibrando los niveles de colesterol ""malo"", el LDL, y los triglicéridos en la sangre, previniendo la aterosclerosis y el derrame cerebral.      3. Prevenir la diabetes: Debido a su alto contenido de fibra, la mora tiene un bajo índice glucémico, lo que ayuda a equilibrar los niveles de glucosa en sangre, previniendo la resistencia a la insulina y la diabetes.      4. Prevenir el envejecimiento prematuro: La mora es rica en flavonoides, antocianinas y ácidos fenólicos, compuestos bioactivos con acción antioxidante que combaten los radicales libres responsables del daño en la piel, previniendo la flacidez y las arrugas.      5. Ayudar en el tratamiento de la diarrea: La mora, especialmente sus hojas, contiene flavonoides, taninos, saponinas y glucósidos, compuestos bioactivos con propiedades antiinflamatorias y astringentes que alivian la inflamación intestinal, ayudando en el tratamiento de la diarrea.      6. Combatir el estreñimiento: La mora es una fruta rica en fibras solubles e insolubles que aumentan el volumen de las heces y mejoran los movimientos naturales del intestino, ayudando a combatir el estreñimiento.      7. Prevenir el cáncer: El fruto y las hojas de la mora ayudan a prevenir el cáncer, ya que contienen antioxidantes que combaten los radicales libres, evitando el desarrollo y la multiplicación de células cancerosas, y fortalecen la inmunidad, reduciendo el riesgo de ciertos tipos de cáncer como el de esófago, útero y mama.      8. Ayudar en el tratamiento de infecciones: La mora contiene altos niveles de compuestos con propiedades antimicrobianas y antiinflamatorias, como antocianinas, taninos y carotenoides, que fortalecen el sistema inmunológico y ayudan en la prevención y tratamiento de infecciones como dolor de garganta, aftas y gingivitis.      9. Mantener la salud ocular: La mora mantiene la salud ocular debido a su contenido de luteína y zeaxantina, carotenoides que protegen los ojos contra los rayos ultravioleta del sol y la luz azul de dispositivos electrónicos, previniendo la degeneración macular relacionada con la edad.      10. Prevenir la osteoporosis: La mora ayuda a prevenir la osteoporosis al ser rica en vitamina K, necesaria para la fijación de calcio en los huesos, lo que es fundamental para mantener la salud ósea en la edad adulta.",6,"Cultiva Sena",,"2025-07-07 13:47:46","2025-07-07 13:47:46"
,1,mora,"¿Consumir moras aumenta el nivel de azúcar en la sangre?",Científico,http://localhost:8000/storage/noticias/1751914093_686c166d14d39.png,"No afirma la ciencia, el consumir moras no aumentara el nivel de azucar que una persona sana o diabetica tinene en su sangre, la razon es que las azucares que contiene la mora, como el resto de sus componentes se diluyen en la sangre con tanta lentitud que son imperceptibles en el nivel de glucosa, ademas, las moras tienen presencia de pteroestiblenos que han demostrado ser utiles para regular el azucar en la sangre.",7,"Cultiva Sena",1,"2025-07-07 13:48:13","2025-07-11 11:01:32"
,1,mora,"¿Una persona diabetica puede consumir moras?",Científico,http://localhost:8000/storage/noticias/1751914113_686c16812cd28.png,"Si, de hecho su ingesta esta recomendada para personas diabetes por su gran cantidad de nutrientes y antioxidantes, de hecho las bayas en general tienen esta característica, son bajas en azúcar por lo que pueden ingerirse tranquilamente sin necesidad de reparar en los niveles de azúcar, igualmente son recomendadas ingerirse como postre cuando se han tenido comidas que contiene grandes cantidades de azúcar e hidratos de carbono, esto podría hacer un efecto que contrarreste el pico de azúcar en la diabetes y detenga sus efectos negativos. La cantidad recomendada es una taza de zarzamoras en el día, la razón es que las moras son frutas pequeñas y fácilmente podría llenarse una taza y comerse como snack, esta taza podría distribuirse entre varias comidas o simplemente consumirse en una merienda, sin embargo, recomendable que cada persona consulte a su medico sobre si seria mas recomendable ingerir en mayor cantidad o menor.",8,"Cultiva Sena",1,"2025-07-07 13:48:33","2025-07-11 11:01:33"
,1,mora,"Beneficios de las moras:",Informativo,http://localhost:8000/storage/noticias/1751914144_686c16a04e07d.png,"La mora es una fruta que puede ayudar en el tratamiento y prevención de enfermedades, como la diabetes, infarto, aterosclerosis y presión arterial alta, debido a su alto contenido de antocianinas, ácido elágico y taninos con propiedades antiinflamatorias y antioxidantes.  Existen diferentes tipos de esta fruta, como la mora negra (Morus nigra L.) o mora blanca (Morus alba L.) El color de esta fruta varía según la cantidad de compuestos fenólicos, donde la mora negra contiene más antocianinas, mientras que la blanca tiene un mayor contenido de ácido elágico.  La mora generalmente se encuentra en ferias o supermercados y puede consumirse fresca o agregarse en la preparación de mousses, mermeladas y jugos. Por otro lado, las hojas, raíces y tallos pueden usarse en la preparación de tés o cataplasmas.      1. Facilitar la pérdida de peso:      2. Prevenir enfermedades cardiovasculares:      3. Prevenir la diabetes:      4. Prevenir el envejecimiento prematuro:      5. Ayudar en el tratamiento de la diarrea:      6. Combatir el estreñimiento:      7. Prevenir el cáncer:      8. Ayudar en el tratamiento de infecciones:      9. Mantener la salud ocular:      10. Prevenir la osteoporosis:",9,"Cultiva Sena",1,"2025-07-07 13:49:04","2025-07-11 11:01:35"
,1,mora,"¿Qué efectos tiene el licuado de avena con moras? Es bueno para el corazón.",Ciencia,http://localhost:8000/storage/noticias/1751914170_686c16ba39e9a.png,"Un estudio presentado por Cleveland Clinic analizó los efectos de los suplementos alimenticios de la antocianina, componente presente en la mora, y descubrió que los participantes tuvieron niveles más bajos de colesterol malo. Además, el hecho de que las moras son ricas en fibra también ayuda, ya que la dietista registrada Julia Zumpano agrega para el portal: “la mayoría de las personas no consumen suficiente fibra en su dieta, lo que puede aumentar el riesgo de sufrir enfermedades cardíacas”.  Healthline agrega que algunos estudios han encontrado que la avena puede aumentar la liberación de bilis, lo que posiblemente ayuda a reducir los niveles de colesterol en la sangre. Controlar el colesterol es una de las medidas para mantener un corazón sano; sin embargo, se necesitan más estudios sobre los efectos de la avena y de la mora en el organismo para poder demostrar este efecto.",10,"Cultiva Sena",1,"2025-07-07 13:49:30","2025-07-11 11:01:36"
,1,mora,"La mora reduce el colesterol:",Científico,http://localhost:8000/storage/noticias/1751914190_686c16ce99343.png,"La mora tiene componentes valiosos llamados pteroestilbeno, los cuales, facilitan la reducción del colesterol, también es beneficiosa para quienes buscan evitar que su cuerpo se oxide prematuramente y evita enfermedades como Aterosclerosis. Esta afección aparece cuando la placa, producido a por altos niveles de colesterol, se acumulan en las arterias y causan problemas en el corazón. Ademas de las propiedades mencionadas, la mora se destaca por su baja aportación calorica y su contenido en vitamina C, vitamina E, provitamina A,Fibra, Folatos, Pigmenti naturales y ácidos orgánicos, según señala un documento de FEN.",11,"Cultiva Sena",1,"2025-07-07 13:49:50","2025-07-11 11:01:37"
,1,mora,"¿Para qué sirve el licuado de avena con mora?","Recetas Mora",http://localhost:8000/storage/noticias/1751914215_686c16e7b4e31.png,"Esta bebida es rica en fibra y antioxidantes que pueden ser positivos para la salud, te explicamos a qué se debe.  Los licuados de avena se pueden combinar con una gran cantidad de frutas y aunque es más común añadir este cereal a los batidos de plátano con manzana, agregar moras a la bebida le dará un toque especial a tu día.  Esta deliciosa fruta es una buena fuente de nutrientes y antioxidantes que posiblemente pueden actuar de manera positiva en la salud, lo que se suma a los ya conocidos beneficios de comer avena.  A continuación te compartimos qué es lo que se ha investigado sobre ambos ingredientes, ya que existen algunos estudios que han demostrado el efecto positivo de la avena y de las moras en el organismo.",12,"Cultiva Sena",,"2025-07-07 13:50:15","2025-07-07 13:50:15"
,1,mora,"¿Cuáles son los efectos secundarios del licuado de avena con mora?",Sugerencia,http://localhost:8000/storage/noticias/1751914247_686c1707a2131.png,"Aunque no se han encontrado efectos secundarios de las moras, no se debe abusar de su consumo, tal como indica la experta Julia Zumpano para Cleveland Clinic, estas deben formar parte de una dieta equilibrada.  “No tiene nada de malo consumir moras como parte de tu porción diaria de fruta. Pero también es bueno variar”, explica la especialista, ya que existen otros alimentos con nutrientes y antioxidantes positivos para la salud.  WebMD agrega que la avena, al ser rica en fibra, puede ocasionar gases e inflamación, en especial si se consume en grandes cantidades; y recomienda que las personas con enfermedad celiaca sean cuidadosas al comerla, ya que en ocasiones puede estar contaminada con gluten.",13,"Cultiva Sena",1,"2025-07-07 13:50:47","2025-07-11 11:08:32"
,1,mora,"La demanda de frambuesa Zawadi se dispara en Europa mientras los productores amplían su presencia en los mercados clave del sur.",Económico,http://localhost:8000/storage/noticias/1751914279_686c17278b3aa.png,"Zawadi® (ABB136), la variedad de frambuesa de alto rendimiento desarrollada por Advanced Berry Breeding (ABB), está entrando en una fase de crecimiento significativa en Europa, con productores en Marruecos, España y Portugal aumentando la producción en respuesta a una creciente demanda de las cadenas comerciales. Marruecos y España han sido los mercados más dinámicos, superando cada uno las 70 hectáreas de plantación en su primer año de comercialización, marcando una de las expansiones más destacadas en el cultivo de frutos rojos esta temporada. Este auge en la producción está vinculado al aumento de la demanda por parte de los supermercados europeos, impulsado en parte por los esfuerzos estratégicos de los socios del Reino Unido de ABB, WB Chambers Farms y Angus Soft Fruits. Estos expertos en frutos rojos han desempeñado un papel clave en la promoción de Zawadi en el sector minorista del Reino Unido.  Como algunos de los primeros en apoyar Zawadi en Europa, identificaron su potencial estratégico desde el principio y promovieron activamente sus fortalezas agronómicas y beneficios comerciales mediante ensayos a gran escala y contacto directo con compradores británicos. Este trabajo ha sido fundamental para generar confianza en las cadenas comerciales minoristas y ha sentado las bases del aumento actual en la demanda que ahora impulsa decisiones de inversión agrícola en el sur de Europa.  Tim Chambers, Director General de WB Chambers Farms, añadió: “Zawadi ha irrumpido con fuerza en el mercado británico. La variedad se está posicionando rápidamente como una solución creíble para el suministro premium de invierno, con una producción creciente en Marruecos e Iberia. En Chambers estamos encantados con su rendimiento como productores, importadores y distribuidores, y esperamos seguir contribuyendo en la próxima fase de su desarrollo comercial.”  Johnnie McMillan, Responsable de Agricultura Internacional en Angus Soft Fruits, comentó: “Los cadenas de supermercados han sido claros: buscan frambuesas que ofrezcan calidad, consistencia y, sobre todo, seguridad de suministro durante los períodos de baja oferta. Zawadi está especialmente bien posicionada para fortalecer la temporada de invierno. Está rindiendo en todos los aspectos, con resultados muy positivos en los ensayos comparativos realizados este invierno, y ahora estamos viendo cómo su reconocimiento se extiende por los mercados europeos.”",14,"Cultiva Sena",1,"2025-07-07 13:51:19","2025-07-11 11:08:30"
,1,mora,"Agronometrics: Sólidas perspectivas para los arándanos de EE.UU. pese a ligera caída de la oferta prevista",Económico,http://localhost:8000/storage/noticias/1751914312_686c1748121de.png,"La temporada de arándanos estadounidenses de 2025 ha tenido un comienzo prometedor, con productores y comercializadores optimistas sobre la demanda de los consumidores y la calidad, a pesar de un ligero descenso en el volumen total con respecto al año anterior. Según el U.S. Highbush Blueberry Council (USHBC), la producción nacional prevista es de 721 millones de libras, ligeramente inferior a los 740,5 millones de libras de 2024. “Gracias a condiciones climáticas y crecimiento ideales, estamos entregando berries de primera calidad con un tamaño, textura firme y dulzura excepcional”, dijo Mario Flores de Naturipe Farms. Naturipe anticipa una fuerte demanda de los consumidores, con volúmenes promocionables de arándanos orgánicos que alcanzarán su punto máximo en California del 5 al 26 de mayo, y en Florida y Georgia del 5 al 21 de mayo. Se espera que la cosecha orgánica de Georgia se mantenga estable hasta junio, aunque los precios pueden ser más altos debido a los menores volúmenes totales. California Giant Berry Farms espera que su temporada alta se extienda de julio a agosto, impulsada por la producción de Oregón, Washington, Columbia Británica y California. North Bay Produce, con sede en Traverse City, Michigan, se abastece de arándanos procedentes de una amplia gama de regiones, como Georgia, Carolina del Norte, Nueva Jersey, Michigan y Columbia Británica. Aunque Florida y Georgia se enfrentaron a dificultades iniciales debido a los efectos persistentes de los huracanes del año pasado y a noches más frías, la empresa prevé un sólido crecimiento en todas sus categorías de berries. Las promociones de verano se beneficiarán de una oferta convencional sólida, sobre todo en Michigan, Oregón, Washington y Columbia Británica, especialmente durante julio y agosto. North Bay Produce y California Giant se preparan para semanas de gran volumen con una variedad de tamaños de envases para satisfacer las necesidades de los minoristas. A pesar de los contratiempos climáticos de principios de temporada y algunos problemas persistentes en los cultivos del sudeste, la temporada de arándanos de 2025 se perfila para ofrecer a los consumidores fruta abundante y de alta calidad, y grandes oportunidades promocionales para los minoristas.",15,"Cultiva Sena",1,"2025-07-07 13:51:52","2025-07-11 11:01:23"
,1,mora,"¿la hierba mora, para qué se usa?",Informativo,http://localhost:8000/storage/noticias/1751914343_686c1767eac8e.png,"La hierba mora se usa en medicina por vía externa como emoliente, antineurálgico y analgésico. En los herbarios de los antiguos Monasterios de Galicia se la cita como una planta cuyas hojas, aplicadas en forma de cataplasmas, tienen efectos narcóticos. Ello es debido a su contenido en alcaloides como la solanina y la solasonina. Por este motivo se usaba como calmante. En general, todas las partes de la planta son venenosas. Etimológicamente el nombre genérico solanum parece derivar, según algunos autores, del latín solamen que significa “alivio”, en referencia a sus propiedades sedantes. Pero en realidad, no se conoce bien el origen de la denominación, ya que otros dicen que procede del latín sol, que significa “sol”, o de solanus, que significa “viento del este”. El epíteto nigrum hace referencia al color de sus “bayas negras”.",16,"Cultiva Sena",1,"2025-07-07 13:52:23","2025-07-11 11:01:21"
,1,mora,"La mora, la fruta que activa el deseo sexual y frena el envejecimiento.",Científico,http://localhost:8000/storage/noticias/1751914364_686c177c0f538.png,"Ningún alimento tiene la capacidad de hacer milagros en nuestro organismo, aunque las estrategias de marketing hablen de algunos de ellos como “superalimentos”. Es cierto, sin embargo, que existen alimentos con muchos beneficios para nuestro cuerpo, que complementan si mantenemos una dieta variada y equilibrada. Uno de estos es un fruto silvestre cuyas propiedades aún se estudian, ya que sus beneficios para nuestro organismo son muy diversos. Hablamos de la mora, un fruto silvestre con más proteína que la carne y que aporta más fibra que la avena. Esta fruta no se considera una baya, sino un eterio y se refiere a todo el grupo que conforma las distintas especies; por ello, aludimos a las moras. Este fruto silvestre es rico en nutrientes y con un alto contenido de potasio, sin llegar a alcanzar al melón o los plátanos. Las moras aportan a nuestro organismo vitaminas C y E, por lo que también tiene una clara función antioxidante que retrasa el daño a las células. Además, el propio color púrpura o rojizo de este fruto silvestre ya aporta beneficios, ya que ese pigmento flavonoide llamado antocianina tiene propiedades antiinflamatorias. Por ello, las moras son recomendables para personas que sufren infecciones, problemas gastrointestinales, diabetes, sobrepeso, depresión o trastornos cardiovasculares. Esta antocianina la encontramos también en otras frutas y verduras como arándanos, frutos rojos, col morada y rábanos.  El propio Ministerio de Sanidad aconseja consumir esta fruta silvestre que es capaz de reforzar el sistema inmunológico. Por ello, los expertos recomiendan que esta es una buena época para comerlas, ya que evita afecciones respiratorias como el asma o enfermedades como la gripe o el resfriado, tan comunes en otoño e invierno.",17,"Cultiva Sena",1,"2025-07-07 13:52:44","2025-07-11 10:18:28"
,1,mora,"Puede causar hipoglucemia:",Científico,http://localhost:8000/storage/noticias/1751914386_686c179265253.png,"Las moras son conocidas por reducir los niveles de azúcar en sangre. Los estudios han demostrado que los extractos de mora pueden reducir los niveles de azúcar en sangre en ratas normales y diabéticas. En los seres humanos, el té de moras suprime el aumento postprandial de los niveles de glucosa en sangre 90 minutos después de su consumo. Los extractos de hojas de morera, como la α-glucosidasa, pueden ayudar a ralentizar la digestión de los hidratos de carbono. Esto puede provocar un descenso repentino del azúcar en sangre, especialmente en personas que ya están siendo tratadas por la diabetes. Los síntomas pueden incluir hambre, dolor de cabeza, visión borrosa, sudoración excesiva, mareos, confusión y temblores. Por lo tanto, las moras deben consumirse con precaución. Es importante consultar a un profesional médico autorizado si está considerando tomar suplementos de extracto de mora para tratar la diabetes o la obesidad.",18,"Cultiva Sena",1,"2025-07-07 13:53:06","2025-07-10 16:49:38"
,1,mora,"¿Se puede cultivar moras en macetas? el arte de la jardinería en espacios pequeños para tener frutas frescas en casa.",Sugerencia,http://localhost:8000/storage/noticias/1751914411_686c17ab27948.png,"Si tienes un balcón, patio o incluso una terraza, cultivar moras en macetas es una excelente opción para disfrutar de esta deliciosa fruta sin necesidad de un gran jardín.  La jardinería en espacios reducidos ha ganado mucha popularidad en los últimos años. Muchas personas quieren conectar con la naturaleza y cultivar sus propios alimentos, pero se enfrentan al problema del espacio. Afortunadamente, algunas plantas frutales, como las moras, se adaptan perfectamente a la vida en macetas. Las moras son una fruta deliciosa, rica en antioxidantes y fácil de cultivar. Al crecer en forma de arbusto o enredadera, pueden desarrollarse sin problemas en contenedores, siempre y cuando se les proporcione el ambiente adecuado. Su mantenimiento es bastante sencillo, por lo que es una opción ideal incluso para quienes no tienen experiencia en jardinería.  Uno de los mayores atractivos de cultivar moras en macetas es que se pueden adaptar a distintos climas y no requieren demasiado espacio para producir frutos de calidad. Con los cuidados adecuados, estas plantas pueden ofrecer una cosecha abundante año tras año. Sin embargo, aunque parezca una tarea sencilla, hay algunos aspectos clave que deben considerarse para garantizar que las moras crezcan sanas y den buenos frutos. Desde la elección de la maceta hasta la poda y el riego, cada detalle influye en el éxito del cultivo.",19,"Cultiva Sena",1,"2025-07-07 13:53:31","2025-07-10 16:49:36"
,1,mora,"¿Cómo llegó la mora a Colombia? La historia de un cultivo casi infinito.",Histórico,http://localhost:8000/storage/noticias/1751914494_686c17fe38c7c.png,"Esta fruta que parece nuestra fue realmente traída hasta Colombia desde Brasil. En Piedecuesta los campesinos descubrieron cómo sembrarla, y las bondades del clima permitieron que Santander se convirtiera en un productor nacional.  Cuentan las montañas que la mora llegó a Colombia hace casi 60 años, que la primera semilla la trajo a Santander Don Eliécer Echavarría, un agricultor a gran escala que viajaba de ciudad en ciudad para conocer de cultivos y técnicas en Latinoamérica.    “Aquí a Sevilla la trajo él, en un principio nos dijo que la había encontrado en la mesa de Los Santos, pero luego nos enteramos que venía de Brasil y que no había logrado que diera fruto”, dice Jaime Hernández, nieto de la señora Rosalbina Hernández, una de las primeras mujeres que vio nacer la mora en Piedecuesta.    Pasaron casi ocho meses para que el ingenio y la sabiduría campesina lograran descifrar de qué manera se podría sembrar mora. Parecería una fábula, pero es anécdota, la forma en como accidentalmente uno de ellos descubrió que si se enterraba la punta de la planta que estaba en pie, de allí saldría una nueva.    Cultivo de mora en Colombia.  “Mi abuela me contaba que lo intentaron de muchas formas. Una de las plantas se dobló porque se partió, y quedó enterrada sin culpa. Ya cuando regresaron se dieron cuenta que había una planta nueva, y pues era esa punta que había vuelto a nacer, como si la planta fuera infinita”, agrega Jaime.    Según Víctor Osorio, ingeniero agrónomo, la mora es de origen suramericano, pero tiene como cuna principal a Brasil, y asombrosamente era un producto del que no se sacaba ningún provecho. “Lo que se conoce es que no tenía uso alguno, al menos para el consumo. Suponemos seguramente que pensaban que se trataba de algo venenoso. Gran parte de ella proviene de las zonas altas tropicales de América”, cuenta.    Cultivo de mora en Colombia.  Conociendo la mora    Una planta de mora puede tener una altura inimaginable, pero sus cultivadores aseguran que la altura óptima para que sea productiva es de 1.60 o hasta 2 metros. Es una especie de chamizo fino con cientos de espinas filosas en todo el cuerpo, de hojas verdes alargadas y nace en climas entre los 1.200 a 3.000 metros sobre le nivel del mar.    Tras su llegada a Sevilla, una vereda de la zona alta de Piedecuesta, el compañerismo campesino permitió que también la cultivaran en Planadas, Miraflores, Pinchote, La Cuchilla y El Polo. Allí literalmente aprendieron de finca en finca cómo debía cuidarse, pues distinto a otros cultivos, la planta de mora se siembra una sola vez.    Cultivo de mora en Colombia.  Reynaldo Jaimes, agricultor y presidente de la Asociación de Agricultores de Mora de Miraflores lo explica mejor. “La mora nos da el entendimiento. Prácticamente su cosecha depende de podarle periódicamente la punta de sus ramas para que ella continúe creciendo. Uno la corta y ella se renueva”.    En la historia se conoce de cultivos de mora que han alcanzado hasta los 30 años. El agrónomo asegura que “teóricamente pueden vivir 15 años, pero realmente consiguen durar mucho más. Depende de los cuidados que les dé el agricultor, porque es una planta muy agradecida.”    Ciertamente su apodo de infinita proviene de allí y del hecho de que se puedan recolectar sus frutos frecuentemente, sin esperar por largos periodos para su cosecha. “Se recoge cada 8 días o cada tres días. Es como una vaca lechera, cada día toca ordeñarla y todos los días vota fruta”, cuenta Jaime Hernández.    Cultivo de mora en Colombia.  La mora de hoy    En el paraíso de la mora en Santander también las mujeres han explorado este cítrico y realizan múltiples derivados como bocadillo, mermelada, vino y helados. Todos ellos de una exquisitez incomparable, al recordar que están hechos de frutas frescas, con productos del campo y recetas tradicionales.    Sin embargo, como todos los trabajos del campo, la siembra de mora enfrenta batallas injustas como su baja remuneración, las plagas, los altos costos de los insumos y el pésimo estado de las carreteras. Reynaldo agrega a este panorama que “el interés de los jóvenes por continuar con este trabajo es muy poco, porque al ver nuestros obstáculos, cada día se desmotivan más”.     Lo cierto es que 50 años después, pasaron de estar en el anonimato a convertirse en los principales productores de mora de la región, y proveedores primarios en el área metropolitana de Bucaramanga con 1.500 hectáreas de cultivo.    Desde allí bajan alrededor de 250 toneladas de la fruta al mes y se fortalecen como un destino turístico en el que se puede conocer la preparación de toda clase de productos hechos con mora y para compartir como expertos, lo que algún día ellos también aprendieron.",20,"Cultiva Sena",1,"2025-07-07 13:54:54","2025-07-09 20:42:24"
,1,cafe,"Hoy, 11 jueces en arte latte elegirán finalistas que se disputan representar a Colombia en el mundial",Científico,http://localhost:8000/storage/noticias/1752114912_686f26e01bc9d.png,"hola como estas",22,"Cultiva Sena",1,"2025-07-09 21:35:12","2025-07-10 16:49:33"
